Book title,Authors name,Book review,Discount,Value
Dune Messiah  - Dune Messiah,"English, Paperback, Herbert Frank",(64),38% off,₹370
Dune,"English, Paperback, Herbert Frank","(1,183)",41% off,₹293
The Hidden Hindu,"English, Paperback, Gupta Akshat","(4,048)",29% off,₹567
The Hidden Hindu Boxset,"English, Paperback, Gupta Akshat","(1,051)",22% off,₹78
Animal Farm,"English, Paperback, Orwell George","(6,794)",78% off,₹293
Hijos de Dune / Children of Dune,"Spanish, Paperback, Herbert Frank","(1,303)",5% off,"₹1,705"
Atlas of Tolkien Deluxe Edition,"English, Hardcover, Day David",(263),36% off,₹250
The Trial,"English, Paperback, Kafka Franz","(15,667)",22% off,₹399
The Hitchhiker's Guide to the Galaxy  - A Trilogy of Fi...,"English, Paperback, Adams Douglas",(56),50% off,₹99
1984,"English, Paperback, Orwell George","(4,691)",15% off,₹253
Samay Ka Saral Aur Sanshipt Itihas (Hindi Edition of A ...,"Hindi, Paperback, Hawking Stephen W",(794),35% off,"₹1,350"
"The Expanse Box Set Books 1-3 (Leviathan Wakes, Caliban...","English, Book, Corey James S. A.",(131),25% off,₹297
The Time Machine,"English, Paperback, Wells H. G.",(4),17% off,"₹1,099"
Brave New World,"English, Hardcover, Huxley Aldous",(743),3% off,₹198
Frankenstein,"English, Paperback, Shelley Mary","(1,183)",27% off,"₹1,174"
The Condemned Villainess Goes Back in Time and Aims to ...,"English, Paperback, Narayama Bakufu",(133),36% off,₹188
The Noah,"English, Paperback, Rahul Sen",(64),28% off,₹159
Samsara,"English, Paperback, Garg Saksham",(64),37% off,₹444
Dune,"English, Hardcover, Herbert Frank",(5),76% off,₹892
To Sleep in a Sea of Stars,"English, Paperback, Paolini Christopher",(678),66% off,₹244
The Time Machine,"English, Paperback, Wells Hg","(2,924)",38% off,₹979
Godzilla x Kong: The New Empire - The Official Movie No...,"English, Paperback, Keyes Greg",(226),32% off,₹150
Dune Messiah,"English, Paperback, Herbert Frank",(7),43% off,₹102
The Midnight Library: A GMA Book Club Pick,"English, Hardcover, Haig Matt",(90),39% off,₹499
The Picture of Dorian Gray,"English, Paperback, Wilde Oscar","(2,647)",50% off,₹340
Journey to the Centre of the Earth,"English, Paperback, Verne Jules","(3,080)",33% off,₹694
Manifesto 2050: Humans First,"Paperback, Anil Kumar Bhargava",(56),22% off,₹149
The Three-Body Problem,"English, Paperback, Liu Cixin",(96),20% off,₹197
Children of Ruin,"English, Paperback, Tchaikovsky Adrian",(5),7% off,"₹8,881"
The Invisible Man,"English, Paperback, Wells H G","(1,288)",4% off,₹156
The Nagaon Ke Rahasiye (Secret of the Nagas),"Hindi, Paperback, Tripathi Amish",(37),48% off,₹159
The Lord of the Rings,"English, Hardcover, Tolkien J. R. R.",(20),19% off,"₹1,896"
The Invisible Man,"English, Paperback, Wells H.G.",(64),20% off,"₹1,950"
The War of the Worlds,"English, Paperback, Wells H. G.","(1,183)",50% off,₹399
The Three-Body Problem Boxset,"English, Book, unknown",(4),20% off,₹155
100%,"English, Paperback, Pope Paul",(56),50% off,₹283
Chariots of the Gods,"English, Paperback, Von Daniken Erich",(19),36% off,₹638
Krantidrishta Shyamji Krishnavarma,"Hindi, Hardcover, Sameer M.A.",(72),17% off,₹197
Journey to the Center of the Earth,"English, Paperback, Verne Jules",(4),38% off,₹638
Attack on Titan 33,"English, Paperback, Isayama Hajime",(4),41% off,₹99
Dune Messiah  - Dune Messiah,"English, Paperback, Herbert Frank",(2),44% off,₹250
Dune,"English, Paperback, Herbert Frank","(1,405)",49% off,₹198
Authority,"English, Paperback, VanderMeer Jeff",(96),78% off,₹370
"The Horizon, Vol. 2","English, Paperback, Blackman Abigail",(30),48% off,₹293
Hijos de Dune / Children of Dune,"Spanish, Paperback, Herbert Frank",(64),15% off,₹436
The Island of Doctor Moreau,"English, Paperback, Wells H G",(19),35% off,"₹1,233"
Samay Ka Saral Aur Sanshipt Itihas (Hindi Edition of A ...,"Hindi, Paperback, Hawking Stephen W",(31),18% off,₹293
"The Expanse Box Set Books 1-3 (Leviathan Wakes, Caliban...","English, Book, Corey James S. A.",(136),18% off,₹105
Aaah,"Tamil, Paperback, Sujatha",(186),27% off,₹253
Cat's Cradle,"English, Paperback, Vonnegut Kurt",(261),25% off,"₹1,350"
The Noah,"English, Paperback, Rahul Sen",(20),25% off,₹224
I Who Have Never Known Men,"English, Paperback, Harpman Jacqueline","(1,239)",18% off,₹324
Maha Avtar  - When the Kaliyug Ends,"English, Paperback, Dhage Dr. Pratyush",(79),51% off,₹188
The Ultimate Hitchhiker's Guide to the Galaxy,"English, Paperback, Adams Douglas",(302),24% off,₹444
Halo: The Flood,"English, Paperback, Dietz William C.",(13),65% off,₹279
A Game of Thrones,"English, Paperback, Martin George R. R.",(26),22% off,₹651
The Complete Hitchhiker's Guide to the Galaxy Boxset,"English, Mixed media product, Adams Douglas",(64),28% off,"₹3,800"
The Time Machine,"English, Paperback, Wells Hg",(104),27% off,₹750
The Hidden Hindu 1,"English, Hardcover, Gupta Akshat",(290),72% off,₹970
Simoqin Prophecies,"English, Paperback, Basu Samit",(198),20% off,₹186
Anthem,"English, Undefined, Rand Ayn",(742),7% off,₹172
Project Hail Mary,"English, Paperback, Weir Andy",(5),27% off,₹388
Good Omens,"English, Paperback, Gaiman Neil",(64),74% off,₹176
Attack on Titan 33,"English, Paperback, Isayama Hajime","(1,183)",31% off,₹400
Halo: The Fall of Reach: Volume 1,"English, Paperback, Nylund Eric",(4),4% off,₹401
Atlas Shrugged,"English, Paperback, Rand Ayn",(23),26% off,₹638
Poor Things,"English, Paperback, Gray Alasdair",(263),29% off,"₹1,471"
Neuromancer,"English, Paperback, Gibson William",(56),20% off,₹399
You Sexy Thing,"English, Paperback, Rambo Cat",(16),12% off,₹364
A Wild Sheep Chase,"English, Paperback, Murakami Haruki",(30),11% off,₹495
Heretics Of Dune,"English, Paperback, Herbert Frank",(4),9% off,"₹1,438"
God Emperor of Dune,"English, Paperback, Herbert Frank",(80),22% off,₹438
I Have No Mouth & I Must Scream,"English, Paperback, Ellison Harlan",(86),29% off,₹496
Attack on Titan 34,"English, Paperback, Isayama Hajime",(172),73% off,₹278
The Time Machine,"English, Paperback, Wells H.G.",(51),20% off,"₹3,800"
Slaughterhouse 5,"English, Hardcover, Vonnegut Kurt",(279),24% off,₹638
Jurassic Park,"English, Paperback, Crichton Michael","(1,288)",31% off,₹177
The Martian,"English, Paperback, Weir Andy",(11),26% off,₹567
The Redemption of Time,"English, Paperback, Baoshu",(55),11% off,₹429
This Time Tomorrow,"English, Hardcover, Straub Emma",(11),38% off,₹424
Dune Messiah  - Dune Messiah,"English, Paperback, Herbert Frank",(569),41% off,₹263
Dune,"English, Paperback, Herbert Frank",(177),27% off,"₹3,800"
The Supernova Era,"English, Paperback, Liu Cixin",(186),27% off,₹638
The Left Hand of Darkness,"English, Paperback, Le Guin Ursula K.",(39),78% off,₹186
Hijos de Dune / Children of Dune,"Spanish, Paperback, Herbert Frank",(7),15% off,₹495
The Kill Order,"English, Electronic book text, Dashner James",(5),35% off,₹438
Samay Ka Saral Aur Sanshipt Itihas (Hindi Edition of A ...,"Hindi, Paperback, Hawking Stephen W",(459),32% off,₹177
"The Expanse Box Set Books 1-3 (Leviathan Wakes, Caliban...","English, Book, Corey James S. A.",(66),21% off,₹370
I Am Legend,"English, Paperback, Matheson Richard",(41),27% off,₹293
The Island of Doctor Moreau,"English, Paperback, Wells H. G.",(14),20% off,₹361
The Noah,"English, Paperback, Rahul Sen",(37),64% off,₹543
Tower of God Volume One,"English, Hardcover, SIU",(21),65% off,₹293
The Road,"English, Paperback, McCarthy Cormac","(7,474)",7% off,"₹3,800"
Wrong Place Wrong Time,"English, Paperback, McAllister Gillian",(64),63% off,₹253
The Exorcist,"English, Paperback, Blatty William Peter","(1,183)",13% off,"₹1,350"
Do Androids Dream Of Electric Sheep?,"English, Paperback, Dick Philip K",(21),16% off,₹963
The Scarlet Letter,"English, Paperback, Hawthorne Nathaniel",(4),18% off,₹129
Chariots of the Gods,"English, Paperback, Von Daniken Erich",(56),28% off,₹188
The Lost Continent,"English, Paperback, Burroughs Edgar Rice",(52),27% off,"₹1,999"
"Heavenly Delusion, Volume 1","English, Paperback, Ishiguro Masakazu",(4),19% off,₹509
"I, Robot","English, Paperback, Asimov Isaac",(37),82% off,₹218
H. G. Wells Greatest Novels Collection,"English, Paperback, Wells H G",(43),10% off,"₹1,420"
To Every You I've Loved Before (Light Novel),"English, Paperback, Otono Yomoji",(8),23% off,₹516
Earth in Trouble,"English, Paperback, N S S Ramakrishna",(133),24% off,₹173
The Time Machine,"English, Paperback, Wells H G",(144),48% off,₹334
Recursion,"English, Paperback, Crouch Blake",(3),19% off,₹122
"Kaiju No. 8, Vol. 8: Volume 8","English, Paperback, Matsumoto Naoya",(6),27% off,₹611
Foundation,"English, Paperback, Asimov Isaac",(5),56% off,₹364
A Dance with Dragons,"English, Paperback, Martin George R. R.",(36),32% off,₹418
Little Mushroom,"English, Paperback, Shisi","(1,887)",10% off,₹257
Swiss Family Robinson,"English, Paperback, Wyss Johann David",(40),3% off,₹193
Sex Criminals Volume 1: One Weird Trick,"English, Paperback, Fraction Matt",(331),47% off,₹115
The Time Traveler's Wife,"English, Paperback, Niffenegger Audrey",(15),34% off,₹395
Contact,"English, Paperback, Sagan Carl",(926),1% off,₹604
A Deadly Education,"English, Paperback, Novik Naomi",(163),50% off,₹403
Demon Copperhead,"English, Paperback, Kingsolver Barbara",(6),5% off,₹933
Stories of Your Life and Others,"English, Paperback, Chiang Ted",(333),8% off,₹262
Star Wars: Kenobi,"English, Paperback, Miller John Jackson",(64),48% off,"₹1,262"
The Seven Deaths of Evelyn Hardcastle,"English, Paperback, Turton Stuart","(1,183)",13% off,₹894
Metamorphosis,"English, Paperback, Kafka Franz",(417),19% off,"₹1,543"
Dune Messiah  - Dune Messiah,"English, Paperback, Herbert Frank",(56),65% off,₹533
Dune,"English, Paperback, Herbert Frank",(37),7% off,₹396
The Seven Deaths of Evelyn Hardcastle,"English, Electronic book text, Turton Stuart",(4),15% off,"₹1,818"
I Was Never The One,"English, Paperback, Anshid Muhammed",(3),38% off,₹790
Hijos de Dune / Children of Dune,"Spanish, Paperback, Herbert Frank",(5),41% off,₹754
Light of Impossible Stars: An Embers of War Novel,"English, Paperback, Powell Gareth L",(121),16% off,₹547
Samay Ka Saral Aur Sanshipt Itihas (Hindi Edition of A ...,"Hindi, Paperback, Hawking Stephen W",(48),78% off,₹65
"The Expanse Box Set Books 1-3 (Leviathan Wakes, Caliban...","English, Book, Corey James S. A.",(7),29% off,₹173
House of Sky and Breath,"English, Paperback, Maas Sarah J.",(927),15% off,₹403
Atlas of Tolkien Deluxe Edition,"English, Hardcover, Day David",(3),35% off,₹218
The Noah,"English, Paperback, Rahul Sen",(83),16% off,"₹1,420"
"1984 & Animal Farm (PREMIUM PAPERBACK, PENGUIN INDIA)","English, Paperback, Orwell George",(271),5% off,₹253
Blue Ticket,"English, Paperback, Mackintosh Sophie",(509),27% off,₹370
Foundation and Empire,"English, Paperback, Asimov Isaac",(25),21% off,₹293
"Kaiju No. 8, Vol. 9: Volume 9","English, Paperback, Matsumoto Naoya",(21),15% off,"₹3,800"
The Stolen Bacillus and Other Incidents,"English, Paperback, Wells H G",(49),22% off,₹207
The Condemned Villainess Goes Back in Time and Aims to ...,"English, Paperback, Narayama Bakufu",(64),28% off,₹293
Prince Rupert's Drop,"English, Paperback, Gautschyiii Charles","(1,183)",32% off,₹386
"The Door in the Wall, and Other Stories","English, Paperback, Wells H G",(56),3% off,₹253
"To Me, The One Who Loved You (Light Novel)","English, Paperback, Otono Yomoji",(2),32% off,"₹1,350"
Molecules of Emotion The Science Behind Mind Body Medic...,"English, Paperback, Pert",(1),32% off,"₹1,580"
The Alien Conspiracy  - Unravel the startling journey,"English, Paperback, D Krishna Sriteja",(4),69% off,"₹1,705"
Acceptance,"English, Paperback, VanderMeer Jeff",(121),24% off,₹188
DARK FOREST,"Spanish, Book, LIU CIXIN",(231),9% off,₹197
Georges Secret Key to the Universe,"Marathi, Paperback, HAWKING LUCY",(64),27% off,₹545
The Gods Themselves,"English, Paperback, Asimov Isaac",(26),85% off,₹388
Manifesto 2050: Humans First,"Paperback, Anil Kumar Bhargava",(19),20% off,₹797
Morning Star,"English, Paperback, Brown Pierce",(2),6% off,"₹1,825"
Lost in Space: Countdown to Danger,"English, Hardcover, Dinnick Richard",(5),29% off,"₹1,174"
The Difference Engine,"English, Paperback, Gibson William",(1),12% off,"₹1,810"
The Invisible Man,"English, Paperback, Wells H. G.",(59),33% off,"₹2,007"
The Man in the High Castle,"English, Paperback, Dick Philip K.",(43),51% off,₹456
"20,000 Leagues Under the Sea","English, Paperback, Verne Jules",(2),22% off,₹529
Annihilation,"English, Paperback, VanderMeer Jeff",(16),78% off,₹203
Inai prabanjathil thenpulaththar / இணை பிரபஞ்சத்தில் தெ...,"Tamil, Paperback, Kalai Tamil",(927),5% off,₹360
Charlie and the Great Glass Elevator,"English, Paperback, Dahl Roald",(214),6% off,₹360
The Memory Police,"English, Paperback, Ogawa Yoko",(64),87% off,₹495
The Rise of the Dragon,"English, Hardcover, Martin George R. R. Jr","(1,183)",14% off,₹599
Little Mushroom: Revelations,"English, Paperback, Shisi",(91),5% off,₹499
The Mysterious Island  - The Mysterious Island Verne Ju...,"English, Paperback, Verne Jules",(3),24% off,₹479
Dune Messiah  - Dune Messiah,"English, Paperback, Herbert Frank",(15),21% off,"₹1,413"
Dune,"English, Paperback, Herbert Frank",(56),33% off,₹845
Fahrenheit 451,"English, Paperback, Bradbury Ray",(491),51% off,₹219
Tokyo Revengers (Omnibus) Vol. 7-8,"English, Paperback, Wakui Ken",(4),38% off,₹498
Hijos de Dune / Children of Dune,"Spanish, Paperback, Herbert Frank",(70),41% off,₹199
Harry Potter: Hedwig Owl Figurine,"English, Mixed media product, Products Warner Bros. Consumer",(6),28% off,₹706
Samay Ka Saral Aur Sanshipt Itihas (Hindi Edition of A ...,"Hindi, Paperback, Hawking Stephen W",(67),34% off,₹77
"The Expanse Box Set Books 1-3 (Leviathan Wakes, Caliban...","English, Book, Corey James S. A.",(373),78% off,₹266
Outlander 4-Copy Boxed Set,"English, Paperback, Gabaldon Diana",(16),31% off,"₹1,355"
Snow Crash,"English, Paperback, Stephenson Neal",(98),15% off,"₹4,706"
The Noah,"English, Paperback, Rahul Sen",(3),35% off,₹277
Death of Innocence - A Psychological Murder Mystery,"English, Paperback, Ghosh Haranath",(34),4% off,₹362
The First Men in the Moon,"English, Paperback, Wells H. G.",(57),27% off,"₹1,355"
Klara and the Sun,"English, Paperback, Ishiguro Kazuo",(9),8% off,₹529
Clive Cussler’s Condor’s Fury,"English, Paperback, Brown Graham",(12),34% off,₹197
2001: a Space Odyssey,"English, Paperback, Clarke Arthur C.",(8),5% off,₹199
This is How You Lose the Time War,"English, Paperback, El-Mohtar Amal",(11),29% off,₹706
Time Stops at Shamli (collection of more than 20 storie...,"English, Electronic book text, Bond Ruskin",(3),29% off,₹370
The Physics of Sorrow,"English, Paperback, Gospodinov Georgi",(64),64% off,₹293
Tokyo Revengers (Omnibus) Vol. 5-6,"English, Paperback, Wakui Ken","(1,183)",32% off,₹358
FLOWERS FOR ALGERNON,"English, Book, DANIEL KEYES",(56),17% off,"₹1,277"
Love beyond the galaxies,"English, Paperback, Dinesh T Krishna",(4),10% off,₹293
The Light at the End of the World: A Novel,"English, Hardcover, Deb Siddhartha",(146),20% off,"₹1,156"
Inhuman Race (Commonwealth Empire #1),"English, Paperback, Wijeratne Yudhanjaya",(3),25% off,₹253
Colonyside,"English, Paperback, Mammay Michael",(106),8% off,"₹1,350"
Dream Dancer (Kerrion Empire Book 1),"English, Hardcover, Morris Janet",(43),9% off,"₹2,994"
"Kaiju No. 8, Vol. 7: Volume 7","English, Paperback, Matsumoto Naoya",(110),32% off,"₹1,517"
Rubber-Band Ball,"English, Paperback, Church Christopher",(29),35% off,₹188
Planetside,"English, Paperback, Mammay Michael",(7),32% off,₹274
Twenty Thousand Leagues Under the Sea,"English, Paperback, Verne Jules",(49),10% off,₹885
Nineteen Eighty-Four,"English, Hardcover, Orwell George",(3),34% off,"₹1,432"
Around the World in 80 Days,"English, Hardcover, Verne Jules",(10),32% off,₹425
wild irises,"English, Paperback, XXXXX XXXXX",(8),4% off,₹460
DARLING in the FRANXX Vol. 1-2,"English, Paperback, Code:000 Kentaro",(4),49% off,₹425
Prachin ani Madhyayugin Bharatacha Itihas,"Paperback, Shri. Anil Hanumant Nagane (Dy. CEO, BDO)",(256),7% off,"₹3,800"
ISLAND,"English, Book, ALDOUS HUXLEY",(64),20% off,"₹1,474"
An Unkindness of Ghosts,"Paperback, Rivers Solomon","(1,183)",11% off,"₹1,654"
The War of the Worlds,"English, Paperback, Wells H.G.",(56),28% off,"₹2,266"
Exhalation,"English, Paperback, Chiang Ted",(4),33% off,₹88
The Echo Wife,"English, Paperback, Gailey Sarah",(126),8% off,₹599
Dune Messiah  - Dune Messiah,"English, Paperback, Herbert Frank",(330),29% off,₹274
Dune,"English, Paperback, Herbert Frank",(158),5% off,₹926
Dust,"English, Paperback, Howey Hugh",(279),15% off,"₹2,985"
Tower of God Volume Two,"English, Paperback, SIU",(239),38% off,₹657
Hijos de Dune / Children of Dune,"Spanish, Paperback, Herbert Frank",(59),41% off,"₹1,296"
"The Best of Satyajit Ray (Boxset, Volume 1 & Volume 2)","English, Paperback, Satyajit Ray ,","(1,427)",6% off,₹868
Samay Ka Saral Aur Sanshipt Itihas (Hindi Edition of A ...,"Hindi, Paperback, Hawking Stephen W",(47),32% off,₹460
"The Expanse Box Set Books 1-3 (Leviathan Wakes, Caliban...","English, Book, Corey James S. A.",(45),78% off,"₹1,099"
11/22/63,"English, CD-Audio, King Stephen",(20),29% off,"₹1,896"
Transformers,"English, Paperback, Robson Justina",(54),15% off,₹921
The Noah,"English, Paperback, Rahul Sen",(10),35% off,"₹1,599"
Klara and the Sun,"English, Paperback, Ishiguro Kazuo",(3),7% off,₹203
Cyberpunk 2077: No Coincidence,"English, Paperback, Kosik Rafal",(64),27% off,"₹1,481"
Exit Game,"English, Hardcover, Chopra Vidit","(1,183)",5% off,₹479
N.O.T.E. (Not of This Earth),"English, Paperback, Shand Peter R",(7),29% off,₹177
Alien Deceptions,"English, Paperback, Paul Regina",(6),15% off,₹444
A Clockwork Orange,"English, Paperback, Burgess Anthony",(16),20% off,₹887
The First Men In The Moon,"English, Paperback, Wells H G",(56),29% off,"₹1,099"
The Complete Cosmicomics,"English, Hardcover, Calvino Italo",(4),12% off,₹274
The Wreck of the Titan,"English, Paperback, Robertson Morgan",(6),18% off,₹460
Stranger in a Strange Land,"English, Paperback, Heinlein Robert A.",(4),32% off,"₹1,432"
Divided Minds  - War of the Worlds Within,"English, Paperback, Koppikar Sanjay",(33),11% off,₹253
Aliens in Delhi,"English, Paperback, Khan Sami Ahmad",(3),8% off,₹370
"Little, Big","English, Paperback, Crowley John",(18),14% off,₹293
The Immortal King Rao,"English, Hardcover, Vara Vauhini",(6),34% off,"₹1,573"
This Side of Paradise,"English, Paperback, Fitzgerald F. Scott",(14),34% off,"₹1,587"
Foundation and Empire,"English, Paperback, Asimov Isaac",(10),19% off,₹293
Pebble in the Sky,"English, Paperback, Asimov Isaac",(3),63% off,₹917
Star Wars: Dark Force Rising,"English, Paperback, Zahn Timothy",(19),57% off,₹253
The Wandering Earth,"English, Paperback, Liu Cixin",(9),7% off,"₹1,350"
Time Stops at Shamli (collection of more than 20 storie...,"English, Electronic book text, Bond Ruskin",(10),11% off,"₹1,162"
Anatomy of a Robot,"English, Electronic book text, Kakoudaki Despina",(3),26% off,"₹3,800"
P.,"English, Paperback, Chatterjee Arnab",(172),78% off,₹188
Hunger Games Catching Fire,"English, Paperback, Collins Suzanne",(2),22% off,"₹1,432"
Stars of Chaos: Sha Po Lang (Novel) Vol. 2,"English, Paperback, Priest",(1),7% off,₹496
The Medusa Chronicles,"English, Paperback, Reynolds Alastair",(3),33% off,₹976
Prison of Sleep,"English, Paperback, Pratt Tim",(15),35% off,"₹1,161"
Star Wars: Hyperspace Stories Volume 1--Rebels and Resi...,"English, Paperback, Deibert Amanda",(28),26% off,"₹3,800"
Alas de Hierro / Iron Flame,"Spanish, Paperback, Yarros Rebecca",(6),5% off,₹422
Escape Velocity,"English, Paperback, Hough Jason M.",(19),11% off,₹197
Dune Messiah  - Dune Messiah,"English, Paperback, Herbert Frank",(3),29% off,"₹1,140"
Dune,"English, Paperback, Herbert Frank",(3),15% off,₹678
The Post Office,"English, Paperback, Tagore Rabindranath",(339),38% off,₹929
Robopocalypse,"English, Paperback, Wilson Daniel H.",(3),41% off,₹223
Hijos de Dune / Children of Dune,"Spanish, Paperback, Herbert Frank",(3),22% off,₹298
Iron Gold,"English, Paperback, Brown Pierce",(13),5% off,"₹1,141"
Samay Ka Saral Aur Sanshipt Itihas (Hindi Edition of A ...,"Hindi, Paperback, Hawking Stephen W",(52),78% off,"₹3,800"
"The Expanse Box Set Books 1-3 (Leviathan Wakes, Caliban...","English, Book, Corey James S. A.",(5),49% off,₹905
A Storm of Swords: Part 1 Steel and Snow,"English, Paperback, Martin George R.R.",(7),15% off,₹436
Star Wars: Heir to the Empire,"English, Paperback, Zahn Timothy",(18),35% off,₹451
The Noah,"English, Paperback, Rahul Sen",(34),8% off,₹721
Neverwhere,"English, Paperback, Gaiman Neil",(3),40% off,"₹1,298"
The Day of the Triffids,"English, Paperback, Wyndham John",(16),27% off,"₹3,800"
Attack On Titan 23,"English, Paperback, Isayama Hajime",(2),29% off,"₹3,800"
Rohypnol Brides,"English, Paperback, Logan Simon",(1),25% off,₹178
Arsene Lupin,"English, Paperback, LeBlanc Maurice",(2),15% off,₹329
Death's End,"English, Paperback, Liu Cixin",(27),20% off,₹420
Exit West,"English, Paperback, Hamid Mohsin",(11),20% off,₹599
The Chrysalids,"English, Paperback, Wyndham John",(2),38% off,₹983
"Re:ZERO: -Starting Life in Another World-, Vol. 1 (mang...","English, Paperback, Nagatsuki Tappei",(6),24% off,"₹1,562"
Nemesis,"English, Paperback, Asimov Isaac",(1),33% off,"₹2,025"
Ender's Game,"English, Paperback, Card Orson Scott",(5),14% off,₹526
Galapagos,"English, Paperback, Vonnegut Kurt",(12),7% off,₹329
Future Time Machine Invention,"English, Paperback, Lok John",(15),19% off,"₹1,432"
Prime Minister Kalki  - Rise of the Ancient Arya Civili...,"English, Paperback, S K Shah",(1),17% off,₹929
Defiant,"English, Paperback, Sanderson Brandon",(9),1% off,₹422
Light From Uncommon Stars,"English, Paperback, Aoki Ryka",(3),34% off,₹253
Mission Across,"English, Paperback, Siddharth Gupta",(34),76% off,₹370
The Iron Heel,"English, Undefined, London Jack",(4),19% off,₹293
Pines,"English, Paperback, Crouch Blake",(11),13% off,₹77
Gliff,"English, Paperback, Smith Ali",(1),14% off,"₹1,514"
I'm the Evil Lord of an Intergalactic Empire! (Light No...,"English, Paperback, Mishima Yomu",(38),25% off,₹293
The Robots of Dawn,"English, Paperback, Asimov Isaac",(4),12% off,₹455
Coma,"English, Paperback, Cook Robin",(9),50% off,₹253
Lost In Space: Countdown To Danger Vol. 2,"English, Hardcover, Dinnick Richard",(10),14% off,"₹1,350"
The Ministry for the Future,"English, Paperback, Robinson Kim Stanley",(5),6% off,₹456
Upgrade,"English, Paperback, Crouch Blake",(47),8% off,₹657
A Briefer History of Time (Telugu),"Telugu, Paperback, Hawking Stephen W",(14),70% off,₹188
Time Shelter,"English, Hardcover, Gospodinov Georgi",(10),15% off,₹496
The First Fifteen Lives of Harry August,"English, Paperback, North Claire",(4),28% off,₹523
Dune Messiah  - Dune Messiah,"English, Paperback, Herbert Frank",(7),4% off,₹546
Dune,"English, Paperback, Herbert Frank",(3),19% off,"₹3,800"
Shift,"English, Paperback, Howey Hugh",(23),5% off,₹220
The Romance of Aeronautics,"English, Paperback, Turner Charles Cyril",(5),15% off,₹479
Hijos de Dune / Children of Dune,"Spanish, Paperback, Herbert Frank",(3),29% off,₹965
"UNDEAD: Finding Love in the Zombie Apocalypse, Volume 1","English, Paperback, Tsuyuhisa Fumi",(5),8% off,₹378
Samay Ka Saral Aur Sanshipt Itihas (Hindi Edition of A ...,"Hindi, Paperback, Hawking Stephen W",(7),38% off,"₹1,116"
"The Expanse Box Set Books 1-3 (Leviathan Wakes, Caliban...","English, Book, Corey James S. A.",(64),41% off,₹425
Mickey7,"English, Paperback, Ashton Edward","(1,183)",10% off,₹625
Gandhi and Anarchy,"English, Paperback, Nair C Sankaran Sir",(38),78% off,₹364
The Noah,"English, Paperback, Rahul Sen",(9),2% off,₹321
The Secret Adversary,"English, Paperback, Christie Agatha",(12),15% off,₹369
Youth,"English, Paperback, Asimov Isaac",(56),35% off,₹965
Star Wars: Vader's Castle The Deluxe Library Collection,"English, Hardcover, Scott Cavan",(14),38% off,₹425
Cursed Bunny,"English, Paperback, Chung Bora",(6),8% off,₹237
Isle of the Shadow Souls,"English, Paperback, Elaine Cherian",(4),27% off,₹478
Cosmic Powers,"English, Paperback, unknown",(7),10% off,₹453
The 7 Serpents,"English, Paperback, Cecil Benjamin Jude",(15),32% off,₹599
"Re:ZERO, Vol. 1 (Novel)","English, Paperback, Nagatsuki Tappei",(11),1% off,₹857
Leviathan Falls,"English, Paperback, Corey James S. A.",(9),82% off,₹298
"Re:ZERO -Starting Life in Another World-, Chapter 2: A ...","English, Paperback, Nagatsuki Tappei",(64),14% off,"₹1,547"
Franny and Zooey,"English, Paperback, Salinger J. D.",(64),7% off,"₹1,409"
Age of Shiva,"English, Electronic book text, unknown","(1,183)",32% off,"₹1,692"
Spider-Man,"English, Electronic book text, David Peter",(19),32% off,₹446
Utopia,"English, Paperback, More Thomas",(5),6% off,₹252
Children of Time,"English, Paperback, Tchaikovsky Adrian",(56),32% off,"₹2,112"
Godzilla: King of the Monsters,"English, Paperback, Keyes Greg",(4),9% off,"₹1,599"
How to Stop Time,"English, Paperback, Haig Matt",(5),33% off,₹364
Outlander (Starz Tie-in Edition),"English, Paperback, Gabaldon Diana",(7),9% off,"₹1,514"
The One Impossible Labyrinth,"English, Paperback, Reilly Matthew",(64),4% off,₹253
Vicious,"English, Paperback, Schwab V. E.","(1,183)",5% off,₹496
The End of Eternity,"English, Paperback, Asimov Isaac",(56),12% off,₹456
WOOL,"English, Book, HUGH HOWEY",(4),23% off,₹370
The Lost World,"English, Paperback, Doyle Arthur Conan",(64),6% off,₹293
Deadly Class Volume 1: Reagan Youth Media Tie-In,"English, Paperback, Remender Rick","(1,183)",5% off,₹628
"Re:ZERO -Starting Life in Another World-, Vol. 19 (ligh...","English, Paperback, Otsuka Shinichirou",(56),8% off,"₹1,164"
The Fictional Man,"English, Paperback, Ewing Al",(4),9% off,₹293
Harry Potter Divination Crystal Ball,"English, Mixed media product, Lemke Donald",(5),33% off,"₹1,182"
Godzilla vs. Kong: The Official Movie Novelisation,"English, Paperback, Keyes Greg",(64),34% off,₹253
Strange Academy: Year Two,"English, Paperback, Young Skottie","(1,183)",4% off,"₹1,350"
Dune Messiah  - Dune Messiah,"English, Paperback, Herbert Frank",(56),17% off,₹974
Dune,"English, Paperback, Herbert Frank",(4),2% off,₹270
Far Sector: DC Compact Comics Edition,"English, Paperback, Jemisin N.K.",(6),9% off,₹188
Sultana's Dream and Padmarag,"English, Paperback, Hossain Rokeya",(64),10% off,₹225
Hijos de Dune / Children of Dune,"Spanish, Paperback, Herbert Frank","(1,183)",14% off,"₹1,680"
The Ten Percent Thief,"English, Hardcover, Lakshminarayan Lavanya",(1),33% off,"₹4,193"
Samay Ka Saral Aur Sanshipt Itihas (Hindi Edition of A ...,"Hindi, Paperback, Hawking Stephen W",(56),15% off,₹277
"The Expanse Box Set Books 1-3 (Leviathan Wakes, Caliban...","English, Book, Corey James S. A.",(4),38% off,₹128
Tales from Mos Eisley Cantina: Star Wars Legends,"English, Paperback, Anderson Kevin",(64),41% off,"₹1,324"
Masters of Space,"English, Paperback, Smith E E","(1,183)",9% off,"₹2,692"
The Noah,"English, Paperback, Rahul Sen",(56),7% off,"₹1,215"
Tides of Fire,"English, Paperback, Rollins James",(4),78% off,"₹1,131"
Gadget: the Third Force,"English, Paperback, Laidlaw",(64),27% off,"₹1,125"
"Sword Art Online: Phantom Bullet, Vol. 4 (manga)","English, Paperback, Yamada Koutarou","(1,183)",15% off,₹905
"Re:ZERO -Starting Life in Another World-, Chapter 3: Tr...","English, Paperback, Matsuse Daichi",(56),35% off,"₹3,800"
Day of the Oprichnik,"English, Paperback, Sorokin Vladimir",(4),20% off,"₹3,800"
Star Wars: Tales from the Rancor Pit,"English, Hardcover, Scott Cavan",(6),32% off,₹647
"Re:ZERO -Starting Life in Another World-, Chapter 3: Tr...","English, Paperback, Matsuse Daichi",(5),27% off,"₹1,678"
The Book of Doors,"English, Hardcover, Brown Gareth",(3),7% off,₹916
"Re:ZERO -Starting Life in Another World-, Chapter 3: Tr...","English, Paperback, Matsuse Daichi",(64),32% off,"₹1,440"
"Re:ZERO -Starting Life in Another World-, Chapter 3: Tr...","English, Paperback, Matsuse Daichi","(1,183)",32% off,"₹1,569"
"Re:ZERO -Starting Life in Another World-, Chapter 3: Tr...","English, Paperback, Quintessenza Anthony",(56),33% off,₹980
The Man in the High Castle (Tie-In),"English, Paperback, Dick Philip K",(4),4% off,₹975
"Re:ZERO, Vol. 5 (Novel)","English, Paperback, Nagatsuki Tappei",(8),7% off,"₹1,419"
DARLING in the FRANXX Vol. 5-6,"English, Paperback, Code:000",(8),32% off,"₹1,613"
Critical Mass,"English, Hardcover, Suarez Daniel",(1),7% off,₹459
Ramayan: v. 1,"English, Paperback, Dasgupta Shamik",(10),21% off,₹916
Ready Player One,"English, Paperback, Cline Ernest",(64),21% off,"₹1,295"
The Host,"English, Paperback, Meyer Stephenie","(1,183)",22% off,₹895
Einstein for Everyone,"English, Paperback, Piccioni Robert L.",(56),32% off,"₹1,119"
Frankenstein,"English, Paperback, Shelley Marry Wollstonecraft",(4),33% off,₹806
The Invisible Man for Class 12th,"English, Paperback, Wells H.G.",(4),6% off,"₹2,912"
I Am Number Four,"English, Paperback, Lore Pittacus",(6),6% off,₹905
Frankenstein,"English, Paperback, unknown",(8),31% off,₹225
Flatland,"English, Paperback, Abbott Edwin A.",(15),24% off,₹128
Douglas Adams Picador Boxset Picador Logo on Box Editio...,"English, Mixed media product, Adams Douglas",(64),73% off,₹647
Illuminae  - The Illuminae Files: Book 1 (Illuminae Fil...,"English, Paperback, Kristoff Jay","(1,183)",38% off,₹253
Beast,"English, Paperback, Udayasankar Krishna Beast",(56),23% off,₹370
Infernal Devices,"English, Paperback, Reeve Philip",(4),17% off,₹293
The Mask Falling,"English, Paperback, Shannon Samantha",(64),7% off,₹975
Dune Messiah  - Dune Messiah,"English, Paperback, Herbert Frank","(1,183)",40% off,"₹1,249"
Dune,"English, Paperback, Herbert Frank",(56),35% off,₹293
Transformers How To Draw Transformers,"English, Paperback, Roche Nick",(4),28% off,"₹1,650"
Project,"English, Paperback, Graphic India",(64),49% off,₹253
Hijos de Dune / Children of Dune,"Spanish, Paperback, Herbert Frank","(1,183)",43% off,"₹1,350"
Assassin's Creed: The Official Film Tie-In,"English, Paperback, Golden Christie",(56),51% off,₹764
Samay Ka Saral Aur Sanshipt Itihas (Hindi Edition of A ...,"Hindi, Paperback, Hawking Stephen W",(4),73% off,"₹2,393"
"The Expanse Box Set Books 1-3 (Leviathan Wakes, Caliban...","English, Book, Corey James S. A.",(64),51% off,₹188
All You Need Is Kill,"English, Paperback, Sakurazaka Hiroshi","(1,183)",43% off,₹934
The Island of Dr Moreau,"English, Paperback, Wells H.G.",(56),15% off,"₹1,690"
The Noah,"English, Paperback, Rahul Sen",(4),49% off,"₹1,126"
Dune Messiah  - Dune Messiah,"English, Paperback, Herbert Frank",(64),38% off,₹370
Dune,"English, Paperback, Herbert Frank","(1,183)",41% off,₹293
Samsara,"English, Paperback, Garg Saksham",(743),36% off,₹159
The Hidden Hindu Boxset,"English, Paperback, Gupta Akshat","(1,051)",29% off,₹567
The Hidden Hindu,"English, Paperback, Gupta Akshat","(4,048)",51% off,₹122
Hijos de Dune / Children of Dune,"Spanish, Paperback, Herbert Frank",(131),78% off,₹293
Atlas of Tolkien Deluxe Edition,"English, Hardcover, Day David","(6,794)",5% off,"₹1,705"
Frankenstein,"English, Paperback, Shelley Mary","(1,303)",17% off,₹198
Animal Farm,"English, Paperback, Orwell George",(56),22% off,₹78
The Trial,"English, Paperback, Kafka Franz","(15,667)",36% off,₹250
Samay Ka Saral Aur Sanshipt Itihas (Hindi Edition of A ...,"Hindi, Paperback, Hawking Stephen W","(4,924)",15% off,₹253
"The Expanse Box Set Books 1-3 (Leviathan Wakes, Caliban...","English, Book, Corey James S. A.",(133),35% off,"₹1,350"
1984,"English, Paperback, Orwell George",(4),50% off,₹99
The Murder of Roger Ackroyd,"English, Paperback, Christie Agatha",(263),20% off,₹233
To Sleep in a Sea of Stars,"English, Paperback, Paolini Christopher",(428),28% off,₹444
The Condemned Villainess Goes Back in Time and Aims to ...,"English, Paperback, Narayama Bakufu",(56),3% off,"₹1,174"
The Noah,"English, Paperback, Rahul Sen",(5),27% off,₹188
The Hitchhiker's Guide to the Galaxy  - A Trilogy of Fi...,"English, Paperback, Adams Douglas",(794),22% off,₹399
The Metamorphosis,"English, Paperback, Kafka Franz",(678),80% off,₹169
The Invisible Man,"English, Paperback, Wells H.G.","(4,691)",22% off,₹156
The Midnight Library: A GMA Book Club Pick,"English, Hardcover, Haig Matt","(2,924)",66% off,₹979
Woman on the Edge of Time,"English, Paperback, Piercy Marge","(1,183)",23% off,₹532
Brave New World,"English, Paperback, Huxley Aldous",(792),20% off,₹399
The Picture of Dorian Gray,"English, Paperback, Wilde Oscar",(64),38% off,₹150
The Time Machine,"English, Paperback, Wells H. G.",(226),25% off,₹297
Journey to the Centre of the Earth,"English, Paperback, Verne Jules",(28),32% off,₹102
Manifesto 2050: Humans First,"Paperback, Anil Kumar Bhargava","(2,647)",10% off,₹499
Dune,"English, Hardcover, Herbert Frank","(3,080)",43% off,₹225
The Murder on the Links,"English, Paperback, Christie Agatha",(27),63% off,₹340
Dune Messiah,"English, Paperback, Herbert Frank",(35),50% off,₹277
The Three-Body Problem,"English, Paperback, Liu Cixin",(158),33% off,₹197
Flowers For Algernon,"English, Paperback, Keyes Daniel",(150),77% off,"₹8,881"
The Nagaon Ke Rahasiye (Secret of the Nagas),"Hindi, Paperback, Tripathi Amish",(5),50% off,₹227
The Lord of the Rings,"English, Hardcover, Tolkien J. R. R.",(64),23% off,₹298
THREE BODY PROBLEM,"English, Book, LIU CIXIN","(1,183)",8% off,₹737
Children of Dune,"English, Paperback, Herbert Frank",(150),50% off,"₹3,800"
The Ocean at the End of the Lane,"English, Paperback, Gaiman Neil",(428),10% off,₹228
Legion,"English, Paperback, Abnett Dan",(26),23% off,"₹1,896"
I Hear You,"English, Paperback, Upadhyay Nidhi",(56),51% off,₹197
The Three-Body Problem Boxset,"English, Book, unknown",(2),50% off,₹225
Dune Messiah  - Dune Messiah,"English, Paperback, Herbert Frank",(72),38% off,₹737
Dune,"English, Paperback, Herbert Frank",(4),41% off,₹122
I Hear You,"English, Paperback, Upadhyay Nidhi","(1,405)",8% off,₹99
The Metamorphosis,"English, Paperback, Kafka Franz",(96),80% off,₹370
Hijos de Dune / Children of Dune,"Spanish, Paperback, Herbert Frank",(5),78% off,₹293
God Emperor of Dune,"English, Paperback, Herbert Frank",(27),26% off,₹228
Samay Ka Saral Aur Sanshipt Itihas (Hindi Edition of A ...,"Hindi, Paperback, Hawking Stephen W",(30),15% off,₹169
"The Expanse Box Set Books 1-3 (Leviathan Wakes, Caliban...","English, Book, Corey James S. A.",(19),35% off,₹293
Maha Avtar  - When the Kaliyug Ends,"English, Paperback, Dhage Dr. Pratyush",(31),25% off,₹548
Cat's Cradle,"English, Paperback, Vonnegut Kurt",(136),18% off,₹253
The Noah,"English, Paperback, Rahul Sen",(186),27% off,"₹1,350"
The Ultimate Hitchhiker's Guide to the Galaxy,"English, Paperback, Adams Douglas",(261),18% off,₹279
Halo: The Flood,"English, Paperback, Dietz William C.",(79),10% off,₹324
A Game of Thrones,"English, Paperback, Martin George R. R.",(302),77% off,₹188
Sex Criminals Volume 1: One Weird Trick,"English, Paperback, Fraction Matt",(13),51% off,₹651
THREE BODY PROBLEM,"English, Book, LIU CIXIN",(172),65% off,"₹3,800"
The Complete Hitchhiker's Guide to the Galaxy Boxset,"English, Mixed media product, Adams Douglas","(4,924)",22% off,₹750
The Hidden Hindu 1,"English, Hardcover, Gupta Akshat",(35),28% off,₹894
Simoqin Prophecies,"English, Paperback, Basu Samit",(64),27% off,₹227
Anthem,"English, Undefined, Rand Ayn",(104),72% off,₹970
Project Hail Mary,"English, Paperback, Weir Andy",(290),7% off,₹172
Good Omens,"English, Paperback, Gaiman Neil",(198),31% off,₹388
Halo: The Fall of Reach: Volume 1,"English, Paperback, Nylund Eric",(742),4% off,₹176
Neuromancer,"English, Paperback, Gibson William",(5),26% off,₹400
You Sexy Thing,"English, Paperback, Rambo Cat",(64),29% off,₹401
A Wild Sheep Chase,"English, Paperback, Murakami Haruki","(1,183)",7% off,"₹1,471"
Heretics Of Dune,"English, Paperback, Herbert Frank",(4),20% off,₹495
The Exorcist,"English, Paperback, Blatty William Peter",(23),14% off,"₹1,438"
The Murder of Roger Ackroyd,"English, Paperback, Christie Agatha",(263),50% off,₹438
The Time Traders,"English, Paperback, Norton Andre",(56),12% off,₹496
Children of Dune,"English, Paperback, Herbert Frank",(16),11% off,"₹1,420"
I Have No Mouth & I Must Scream,"English, Paperback, Ellison Harlan",(30),9% off,₹233
Attack on Titan 34,"English, Paperback, Isayama Hajime",(4),22% off,₹363
The Time Machine,"English, Paperback, Wells H.G.",(80),29% off,₹298
Slaughterhouse 5,"English, Hardcover, Vonnegut Kurt",(86),73% off,"₹3,800"
Jurassic Park,"English, Paperback, Crichton Michael",(172),32% off,₹638
The Martian,"English, Paperback, Weir Andy",(51),31% off,₹177
The Redemption of Time,"English, Paperback, Baoshu",(279),26% off,₹567
Tono-Bungay,"English, Paperback, Wells H G",(11),7% off,₹429
This Time Tomorrow,"English, Hardcover, Straub Emma",(55),50% off,₹424
Dune Messiah  - Dune Messiah,"English, Paperback, Herbert Frank",(11),80% off,₹263
Dune,"English, Paperback, Herbert Frank",(569),38% off,"₹3,169"
The Supernova Era,"English, Paperback, Liu Cixin",(177),41% off,"₹3,800"
The Left Hand of Darkness,"English, Paperback, Le Guin Ursula K.",(186),27% off,₹495
Hijos de Dune / Children of Dune,"Spanish, Paperback, Herbert Frank",(39),27% off,₹438
The Kill Order,"English, Electronic book text, Dashner James",(7),78% off,"₹1,420"
Samay Ka Saral Aur Sanshipt Itihas (Hindi Edition of A ...,"Hindi, Paperback, Hawking Stephen W",(5),15% off,₹298
"The Expanse Box Set Books 1-3 (Leviathan Wakes, Caliban...","English, Book, Corey James S. A.",(459),35% off,₹169
I Am Legend,"English, Paperback, Matheson Richard",(66),32% off,₹370
The Island of Doctor Moreau,"English, Paperback, Wells H. G.",(41),21% off,₹293
The Noah,"English, Paperback, Rahul Sen",(14),27% off,₹361
Tower of God Volume One,"English, Hardcover, SIU",(37),20% off,₹543
The Road,"English, Paperback, McCarthy Cormac",(21),64% off,₹293
Wrong Place Wrong Time,"English, Paperback, McAllister Gillian","(7,474)",65% off,"₹3,800"
The Exorcist,"English, Paperback, Blatty William Peter",(41),7% off,₹253
Do Androids Dream Of Electric Sheep?,"English, Paperback, Dick Philip K",(64),63% off,"₹1,350"
The Scarlet Letter,"English, Paperback, Hawthorne Nathaniel","(1,183)",13% off,₹963
The Lost Continent,"English, Paperback, Burroughs Edgar Rice",(37),18% off,₹129
"Heavenly Delusion, Volume 1","English, Paperback, Ishiguro Masakazu",(21),28% off,₹188
"I, Robot","English, Paperback, Asimov Isaac",(56),27% off,"₹1,999"
H. G. Wells Greatest Novels Collection,"English, Paperback, Wells H G",(4),19% off,₹509
To Every You I've Loved Before (Light Novel),"English, Paperback, Otono Yomoji",(4),82% off,₹218
Earth in Trouble,"English, Paperback, N S S Ramakrishna",(52),10% off,"₹1,420"
The Time Machine,"English, Paperback, Wells H G",(279),23% off,₹516
Recursion,"English, Paperback, Crouch Blake",(93),24% off,₹173
"Kaiju No. 8, Vol. 8: Volume 8","English, Paperback, Matsumoto Naoya",(9),48% off,₹122
Foundation,"English, Paperback, Asimov Isaac",(7),19% off,₹611
A Dance with Dragons,"English, Paperback, Martin George R. R.",(37),27% off,₹364
Little Mushroom,"English, Paperback, Shisi",(8),56% off,₹418
Swiss Family Robinson,"English, Paperback, Wyss Johann David",(6),32% off,₹257
Sex Criminals Volume 1: One Weird Trick,"English, Paperback, Fraction Matt",(5),10% off,₹193
The Time Traveler's Wife,"English, Paperback, Niffenegger Audrey",(186),3% off,₹115
Contact,"English, Paperback, Sagan Carl",(36),47% off,₹395
A Deadly Education,"English, Paperback, Novik Naomi","(1,887)",34% off,₹604
Demon Copperhead,"English, Paperback, Kingsolver Barbara",(40),1% off,₹403
Stories of Your Life and Others,"English, Paperback, Chiang Ted",(21),50% off,₹933
Star Wars: Kenobi,"English, Paperback, Miller John Jackson",(133),5% off,₹262
The Seven Deaths of Evelyn Hardcastle,"English, Electronic book text, Turton Stuart",(331),48% off,"₹1,262"
Metamorphosis,"English, Paperback, Kafka Franz",(15),18% off,₹894
Deadhouse Gates,"English, Paperback, Erikson Steven",(64),13% off,"₹1,543"
Dune Messiah  - Dune Messiah,"English, Paperback, Herbert Frank","(1,183)",19% off,₹533
Dune,"English, Paperback, Herbert Frank",(417),65% off,₹396
Stories of Your Life and Others,"English, Paperback, Chiang Ted",(56),7% off,"₹1,818"
Star Wars: Kenobi,"English, Paperback, Miller John Jackson",(4),18% off,₹790
Hijos de Dune / Children of Dune,"Spanish, Paperback, Herbert Frank",(37),38% off,₹754
The Seven Deaths of Evelyn Hardcastle,"English, Electronic book text, Turton Stuart",(3),41% off,"₹3,800"
Samay Ka Saral Aur Sanshipt Itihas (Hindi Edition of A ...,"Hindi, Paperback, Hawking Stephen W",(5),50% off,₹65
"The Expanse Box Set Books 1-3 (Leviathan Wakes, Caliban...","English, Book, Corey James S. A.",(48),5% off,₹569
Atlas of Tolkien Deluxe Edition,"English, Hardcover, Day David",(7),78% off,₹173
I Was Never The One,"English, Paperback, Anshid Muhammed",(158),15% off,₹403
The Noah,"English, Paperback, Rahul Sen",(144),35% off,₹218
Light of Impossible Stars: An Embers of War Novel,"English, Paperback, Powell Gareth L",(25),5% off,"₹1,420"
House of Sky and Breath,"English, Paperback, Maas Sarah J.",(49),16% off,₹569
The Scarlet Letter,"English, Paperback, Hawthorne Nathaniel",(83),27% off,₹370
The Dark Forest,"English, Paperback, Liu Cixin",(271),29% off,₹293
Blue Ticket,"English, Paperback, Mackintosh Sophie",(509),16% off,₹790
The Condemned Villainess Goes Back in Time and Aims to ...,"English, Paperback, Narayama Bakufu",(64),13% off,₹754
Orbital,"English, Hardcover, Harvey Samantha","(1,183)",33% off,₹293
The King in Yellow,"English, Paperback, Chambers Robert W.",(56),15% off,"₹3,800"
"1984 & Animal Farm (PREMIUM PAPERBACK, PENGUIN INDIA)","English, Paperback, Orwell George",(2),3% off,₹253
"Kaiju No. 8, Vol. 9: Volume 9","English, Paperback, Matsumoto Naoya",(1),33% off,"₹1,350"
Prince Rupert's Drop,"English, Paperback, Gautschyiii Charles",(4),18% off,"₹1,705"
"The Door in the Wall, and Other Stories","English, Paperback, Wells H G",(121),21% off,₹207
"To Me, The One Who Loved You (Light Novel)","English, Paperback, Otono Yomoji",(231),28% off,₹188
Poor Things,"English, Paperback, Gray Alasdair",(64),32% off,₹386
DARK FOREST,"Spanish, Book, LIU CIXIN",(26),32% off,"₹1,580"
Manifesto 2050: Humans First,"Paperback, Anil Kumar Bhargava",(19),69% off,₹173
Georges Secret Key to the Universe,"Marathi, Paperback, HAWKING LUCY",(2),74% off,₹398
Foundation,"English, Paperback, Asimov Isaac",(5),85% off,₹545
The Gods Themselves,"English, Paperback, Asimov Isaac",(1),20% off,"₹1,174"
Morning Star,"English, Paperback, Brown Pierce",(59),20% off,"₹1,866"
Star Wars: Thrawn: Treason (Book 3),"English, Paperback, Zahn Timothy",(43),66% off,₹569
The Difference Engine,"English, Paperback, Gibson William",(2),29% off,₹197
The Invisible Man,"English, Paperback, Wells H. G.",(16),12% off,₹797
The Man in the High Castle,"English, Paperback, Dick Philip K.",(927),11% off,"₹1,810"
The War of the Worlds,"English, Paperback, Wells H.G.",(214),24% off,"₹2,007"
Molecules of Emotion The Science Behind Mind Body Medic...,"English, Paperback, Pert",(64),33% off,₹456
"20,000 Leagues Under the Sea","English, Paperback, Verne Jules","(1,183)",51% off,₹364
Annihilation,"English, Paperback, VanderMeer Jeff",(6),22% off,₹360
Inai prabanjathil thenpulaththar / இணை பிரபஞ்சத்தில் தெ...,"Tamil, Paperback, Kalai Tamil",(67),13% off,₹499
Dune Messiah  - Dune Messiah,"English, Paperback, Herbert Frank",(56),24% off,₹495
Dune,"English, Paperback, Herbert Frank",(106),21% off,₹399
Clive Cussler's The Devil's Sea,"English, Paperback, Cussler Dirk",(373),33% off,₹599
Fahrenheit 451,"English, Paperback, Bradbury Ray",(4),51% off,₹479
Hijos de Dune / Children of Dune,"Spanish, Paperback, Herbert Frank",(146),38% off,₹574
Tokyo Revengers (Omnibus) Vol. 7-8,"English, Paperback, Wakui Ken",(16),41% off,₹845
Samay Ka Saral Aur Sanshipt Itihas (Hindi Edition of A ...,"Hindi, Paperback, Hawking Stephen W",(98),9% off,₹219
"The Expanse Box Set Books 1-3 (Leviathan Wakes, Caliban...","English, Book, Corey James S. A.",(3),28% off,₹498
Outlander 4-Copy Boxed Set,"English, Paperback, Gabaldon Diana",(63),78% off,₹177
Harry Potter: Hedwig Owl Figurine,"English, Mixed media product, Products Warner Bros. Consumer",(12),34% off,₹529
The Noah,"English, Paperback, Rahul Sen",(34),15% off,₹199
Snow Crash,"English, Paperback, Stephenson Neal",(16),35% off,₹706
Authority,"English, Paperback, VanderMeer Jeff",(3),31% off,₹77
Death of Innocence - A Psychological Murder Mystery,"English, Paperback, Ghosh Haranath",(57),27% off,₹173
The First Men in the Moon,"English, Paperback, Wells H. G.",(9),4% off,₹529
Clive Cussler’s Condor’s Fury,"English, Paperback, Brown Graham",(8),44% off,₹197
2001: a Space Odyssey,"English, Paperback, Clarke Arthur C.",(11),8% off,₹199
This is How You Lose the Time War,"English, Paperback, El-Mohtar Amal",(3),34% off,₹706
The Physics of Sorrow,"English, Paperback, Gospodinov Georgi",(3),29% off,₹370
FLOWERS FOR ALGERNON,"English, Book, DANIEL KEYES",(5),29% off,₹293
The Ocean at the End of the Lane,"English, Paperback, Gaiman Neil",(64),64% off,₹723
The History of Bees,"English, Paperback, Lunde Maja","(1,183)",32% off,₹358
Love beyond the galaxies,"English, Paperback, Dinesh T Krishna",(56),10% off,₹293
The Light at the End of the World: A Novel,"English, Hardcover, Deb Siddhartha",(4),23% off,"₹1,277"
Inhuman Race (Commonwealth Empire #1),"English, Paperback, Wijeratne Yudhanjaya",(146),38% off,₹253
The Alien Conspiracy  - Unravel the startling journey,"English, Paperback, D Krishna Sriteja",(3),20% off,"₹1,350"
Tokyo Revengers (Omnibus) Vol. 5-6,"English, Paperback, Wakui Ken",(106),25% off,"₹2,994"
Colonyside,"English, Paperback, Mammay Michael",(43),8% off,"₹1,156"
Prachin ani Madhyayugin Bharatacha Itihas,"Paperback, Shri. Anil Hanumant Nagane (Dy. CEO, BDO)",(110),9% off,₹188
Dream Dancer (Kerrion Empire Book 1),"English, Hardcover, Morris Janet",(29),17% off,"₹1,517"
"Kaiju No. 8, Vol. 7: Volume 7","English, Paperback, Matsumoto Naoya",(7),9% off,₹436
Rubber-Band Ball,"English, Paperback, Church Christopher",(49),49% off,₹274
Exhalation,"English, Paperback, Chiang Ted",(3),32% off,₹885
Planetside,"English, Paperback, Mammay Michael",(10),35% off,₹425
Twenty Thousand Leagues Under the Sea,"English, Paperback, Verne Jules",(8),32% off,₹460
Nineteen Eighty-Four,"English, Hardcover, Orwell George",(4),28% off,₹425
Around the World in 80 Days,"English, Hardcover, Verne Jules",(256),10% off,"₹1,474"
Binti: The Complete Trilogy,"English, Paperback, Okorafor Nnedi",(64),34% off,"₹2,266"
wild irises,"English, Paperback, XXXXX XXXXX","(1,183)",6% off,₹737
DARLING in the FRANXX Vol. 1-2,"English, Paperback, Code:000 Kentaro",(56),32% off,₹979
Dune Messiah  - Dune Messiah,"English, Paperback, Herbert Frank",(4),4% off,₹88
Dune,"English, Paperback, Herbert Frank",(126),23% off,₹599
Dust,"English, Paperback, Howey Hugh",(330),8% off,₹274
Tower of God Volume Two,"English, Paperback, SIU",(158),29% off,₹203
Hijos de Dune / Children of Dune,"Spanish, Paperback, Herbert Frank",(279),15% off,"₹1,654"
"The Best of Satyajit Ray (Boxset, Volume 1 & Volume 2)","English, Paperback, Satyajit Ray ,",(239),38% off,₹926
Samay Ka Saral Aur Sanshipt Itihas (Hindi Edition of A ...,"Hindi, Paperback, Hawking Stephen W",(59),41% off,₹203
"The Expanse Box Set Books 1-3 (Leviathan Wakes, Caliban...","English, Book, Corey James S. A.","(1,427)",6% off,"₹2,985"
11/22/63,"English, CD-Audio, King Stephen",(47),32% off,₹657
Transformers,"English, Paperback, Robson Justina",(45),78% off,"₹1,296"
The Noah,"English, Paperback, Rahul Sen",(20),29% off,₹444
Klara and the Sun,"English, Paperback, Ishiguro Kazuo",(54),15% off,₹868
Exit Game,"English, Hardcover, Chopra Vidit",(3),35% off,₹460
N.O.T.E. (Not of This Earth),"English, Paperback, Shand Peter R",(10),7% off,"₹1,099"
Alien Deceptions,"English, Paperback, Paul Regina",(64),27% off,"₹1,896"
A Clockwork Orange,"English, Paperback, Burgess Anthony","(1,183)",5% off,"₹1,573"
The First Men In The Moon,"English, Paperback, Wells H G",(33),15% off,₹921
The Complete Cosmicomics,"English, Hardcover, Calvino Italo",(7),20% off,"₹1,599"
The Wreck of the Titan,"English, Paperback, Robertson Morgan",(6),29% off,₹737
Stranger in a Strange Land,"English, Paperback, Heinlein Robert A.",(56),12% off,"₹1,099"
Divided Minds  - War of the Worlds Within,"English, Paperback, Koppikar Sanjay",(16),18% off,₹274
Aliens in Delhi,"English, Paperback, Khan Sami Ahmad",(4),32% off,₹460
"Little, Big","English, Paperback, Crowley John",(4),11% off,₹253
The Immortal King Rao,"English, Hardcover, Vara Vauhini",(6),8% off,₹370
This Side of Paradise,"English, Paperback, Fitzgerald F. Scott",(33),14% off,₹293
Foundation and Empire,"English, Paperback, Asimov Isaac",(18),34% off,"₹1,573"
Pebble in the Sky,"English, Paperback, Asimov Isaac",(14),34% off,"₹1,587"
Star Wars: Dark Force Rising,"English, Paperback, Zahn Timothy",(6),19% off,₹293
The Wandering Earth,"English, Paperback, Liu Cixin",(10),63% off,₹917
Time Stops at Shamli (collection of more than 20 storie...,"English, Electronic book text, Bond Ruskin",(3),57% off,₹253
Anatomy of a Robot,"English, Electronic book text, Kakoudaki Despina",(19),7% off,"₹1,350"
P.,"English, Paperback, Chatterjee Arnab",(3),11% off,"₹1,162"
Hunger Games Catching Fire,"English, Paperback, Collins Suzanne",(9),26% off,"₹3,800"
Stars of Chaos: Sha Po Lang (Novel) Vol. 2,"English, Paperback, Priest",(10),78% off,₹188
The Medusa Chronicles,"English, Paperback, Reynolds Alastair",(15),22% off,"₹1,432"
Prison of Sleep,"English, Paperback, Pratt Tim",(3),7% off,₹976
Star Wars: Hyperspace Stories Volume 1--Rebels and Resi...,"English, Paperback, Deibert Amanda",(172),33% off,"₹1,161"
Alas de Hierro / Iron Flame,"Spanish, Paperback, Yarros Rebecca",(2),35% off,"₹3,800"
Escape Velocity,"English, Paperback, Hough Jason M.",(3),32% off,₹422
The Reticuli Deception,"English, Paperback, Mayer Alastair",(1),26% off,₹197
Dune Messiah  - Dune Messiah,"English, Paperback, Herbert Frank",(18),5% off,"₹1,140"
Dune,"English, Paperback, Herbert Frank",(3),11% off,₹678
Rohypnol Brides,"English, Paperback, Logan Simon",(15),29% off,₹929
Arsene Lupin,"English, Paperback, LeBlanc Maurice",(28),15% off,₹223
Hijos de Dune / Children of Dune,"Spanish, Paperback, Herbert Frank",(6),38% off,₹298
Death's End,"English, Paperback, Liu Cixin",(19),41% off,"₹1,141"
Samay Ka Saral Aur Sanshipt Itihas (Hindi Edition of A ...,"Hindi, Paperback, Hawking Stephen W",(3),20% off,"₹3,800"
"The Expanse Box Set Books 1-3 (Leviathan Wakes, Caliban...","English, Book, Corey James S. A.",(3),78% off,₹905
Isle of the Shadow Souls,"English, Paperback, Elaine Cherian",(339),20% off,₹436
Exit West,"English, Paperback, Hamid Mohsin",(12),15% off,₹451
The Noah,"English, Paperback, Rahul Sen",(13),35% off,₹721
Star Wars: Thrawn: Treason (Book 3),"English, Paperback, Zahn Timothy",(64),14% off,"₹1,298"
The Chrysalids,"English, Paperback, Wyndham John","(1,183)",38% off,"₹3,800"
The Secret Adversary,"English, Paperback, Christie Agatha",(11),27% off,"₹3,800"
"Re:ZERO: -Starting Life in Another World-, Vol. 1 (mang...","English, Paperback, Nagatsuki Tappei",(18),66% off,₹178
Thrawn: Alliances (Star Wars),"English, Paperback, Zahn Timothy",(23),24% off,₹329
Nemesis,"English, Paperback, Asimov Isaac",(56),10% off,₹420
Ender's Game,"English, Paperback, Card Orson Scott",(34),33% off,₹599
Galapagos,"English, Paperback, Vonnegut Kurt",(3),27% off,₹983
A Storm of Swords,"English, Hardcover, Martin George R. R.",(4),14% off,"₹1,562"
Future Time Machine Invention,"English, Paperback, Lok John",(16),7% off,"₹2,025"
Prime Minister Kalki  - Rise of the Ancient Arya Civili...,"English, Paperback, S K Shah",(2),19% off,₹526
Upgrade,"English, Paperback, Crouch Blake",(1),1% off,"₹1,415"
Mission Across,"English, Paperback, Siddharth Gupta",(2),17% off,₹329
Defiant,"English, Paperback, Sanderson Brandon",(2),1% off,"₹1,432"
Light From Uncommon Stars,"English, Paperback, Aoki Ryka",(27),72% off,₹929
The Iron Heel,"English, Undefined, London Jack",(6),19% off,₹422
Pines,"English, Paperback, Crouch Blake",(1),34% off,₹253
I'm the Evil Lord of an Intergalactic Empire! (Light No...,"English, Paperback, Mishima Yomu",(11),76% off,₹370
The Wandering Earth,"English, Paperback, Liu Cixin",(5),13% off,₹293
The Robots of Dawn,"English, Paperback, Asimov Isaac",(15),14% off,"₹3,800"
Wyrd Sisters,"English, CD-Audio, Pratchett Terry",(1),12% off,₹220
Coma,"English, Paperback, Cook Robin",(1),50% off,₹293
Lost In Space: Countdown To Danger Vol. 2,"English, Hardcover, Dinnick Richard",(9),14% off,₹479
The Ministry for the Future,"English, Paperback, Robinson Kim Stanley",(3),6% off,₹253
A Briefer History of Time (Telugu),"Telugu, Paperback, Hawking Stephen W",(34),8% off,"₹1,350"
Time Shelter,"English, Hardcover, Gospodinov Georgi",(4),15% off,₹128
The First Fifteen Lives of Harry August,"English, Paperback, North Claire",(11),28% off,₹965
The Word for World Is Forest,"English, Paperback, Le Guin Ursula K",(38),4% off,₹188
Machines Like Me,"English, Paperback, McEwan Ian",(1),17% off,₹574
Dune Messiah  - Dune Messiah,"English, Paperback, Herbert Frank",(19),11% off,₹378
Dune,"English, Paperback, Herbert Frank",(4),10% off,₹225
Shift,"English, Paperback, Howey Hugh",(9),14% off,"₹1,116"
The Romance of Aeronautics,"English, Paperback, Turner Charles Cyril",(10),19% off,₹582
Hijos de Dune / Children of Dune,"Spanish, Paperback, Herbert Frank",(5),15% off,₹425
"UNDEAD: Finding Love in the Zombie Apocalypse, Volume 1","English, Paperback, Tsuyuhisa Fumi",(47),1% off,₹625
Samay Ka Saral Aur Sanshipt Itihas (Hindi Edition of A ...,"Hindi, Paperback, Hawking Stephen W",(10),38% off,₹364
"The Expanse Box Set Books 1-3 (Leviathan Wakes, Caliban...","English, Book, Corey James S. A.",(64),41% off,"₹2,971"
Mickey7,"English, Paperback, Ashton Edward","(1,183)",10% off,₹321
Gandhi and Anarchy,"English, Paperback, Nair C Sankaran Sir",(3),78% off,₹369
The Noah,"English, Paperback, Rahul Sen",(5),2% off,₹409
The Secret Adversary,"English, Paperback, Christie Agatha",(5),15% off,₹237
Youth,"English, Paperback, Asimov Isaac",(56),35% off,₹965
Star Wars: Vader's Castle The Deluxe Library Collection,"English, Hardcover, Scott Cavan",(7),38% off,₹425
Cursed Bunny,"English, Paperback, Chung Bora",(38),8% off,₹478
Isle of the Shadow Souls,"English, Paperback, Elaine Cherian",(4),27% off,₹453
Cosmic Powers,"English, Paperback, unknown",(9),10% off,₹857
The 7 Serpents,"English, Paperback, Cecil Benjamin Jude",(14),32% off,₹599
"Re:ZERO, Vol. 1 (Novel)","English, Paperback, Nagatsuki Tappei",(12),1% off,₹298
Leviathan Falls,"English, Paperback, Corey James S. A.",(9),82% off,"₹3,800"
"Re:ZERO -Starting Life in Another World-, Chapter 2: A ...","English, Paperback, Nagatsuki Tappei",(15),14% off,"₹1,547"
Franny and Zooey,"English, Paperback, Salinger J. D.",(18),7% off,"₹1,409"
Age of Shiva,"English, Electronic book text, unknown",(6),32% off,"₹1,692"
Spider-Man,"English, Electronic book text, David Peter",(7),32% off,₹252
Utopia,"English, Paperback, More Thomas",(14),6% off,"₹2,112"
Children of Time,"English, Paperback, Tchaikovsky Adrian",(9),32% off,"₹1,599"
Godzilla: King of the Monsters,"English, Paperback, Keyes Greg",(3),9% off,"₹1,373"
How to Stop Time,"English, Paperback, Haig Matt",(5),33% off,"₹1,404"
Outlander (Starz Tie-in Edition),"English, Paperback, Gabaldon Diana",(64),9% off,₹225
The One Impossible Labyrinth,"English, Paperback, Reilly Matthew","(1,183)",4% off,₹128
Vicious,"English, Paperback, Schwab V. E.",(19),5% off,₹364
The End of Eternity,"English, Paperback, Asimov Isaac",(5),12% off,₹253
WOOL,"English, Book, HUGH HOWEY",(56),23% off,"₹2,971"
The Lost World,"English, Paperback, Doyle Arthur Conan",(4),6% off,₹370
Deadly Class Volume 1: Reagan Youth Media Tie-In,"English, Paperback, Remender Rick",(5),5% off,₹293
Harry Potter Divination Crystal Ball,"English, Mixed media product, Lemke Donald",(7),8% off,₹628
Godzilla vs. Kong: The Official Movie Novelisation,"English, Paperback, Keyes Greg",(64),9% off,"₹1,164"
Strange Academy: Year Two,"English, Paperback, Young Skottie","(1,183)",4% off,₹293
The Drowned World,"English, Hardcover, Ballard J G",(56),17% off,"₹1,182"
Providence,"English, Paperback, Barry Max",(4),2% off,₹253
Dune Messiah  - Dune Messiah,"English, Paperback, Herbert Frank",(64),33% off,"₹1,350"
Dune,"English, Paperback, Herbert Frank","(1,183)",33% off,₹974
Stranger Things: Flight of Icarus,"English, Paperback, Schneiderhan Caitlin",(56),9% off,₹270
Masters of Space,"English, Paperback, Smith E E",(4),10% off,₹188
Hijos de Dune / Children of Dune,"Spanish, Paperback, Herbert Frank",(5),14% off,₹225
Tides of Fire,"English, Paperback, Rollins James",(64),33% off,"₹1,680"
Samay Ka Saral Aur Sanshipt Itihas (Hindi Edition of A ...,"Hindi, Paperback, Hawking Stephen W","(1,183)",15% off,"₹4,193"
"The Expanse Box Set Books 1-3 (Leviathan Wakes, Caliban...","English, Book, Corey James S. A.",(56),38% off,₹277
Gadget: the Third Force,"English, Paperback, Laidlaw",(4),41% off,₹128
Sultana's Dream and Padmarag,"English, Paperback, Hossain Rokeya",(1),5% off,"₹1,324"
The Noah,"English, Paperback, Rahul Sen",(5),32% off,"₹2,692"
The Ten Percent Thief,"English, Hardcover, Lakshminarayan Lavanya",(1),78% off,"₹1,215"
Tales from Mos Eisley Cantina: Star Wars Legends,"English, Paperback, Anderson Kevin",(64),7% off,"₹1,131"
"Sword Art Online: Phantom Bullet, Vol. 4 (manga)","English, Paperback, Yamada Koutarou","(1,183)",15% off,"₹1,125"
"Re:ZERO -Starting Life in Another World-, Chapter 3: Tr...","English, Paperback, Matsuse Daichi",(1),35% off,₹905
Day of the Oprichnik,"English, Paperback, Sorokin Vladimir",(56),32% off,"₹3,800"
Star Wars: Tales from the Rancor Pit,"English, Hardcover, Scott Cavan",(4),7% off,"₹3,800"
"Re:ZERO -Starting Life in Another World-, Chapter 3: Tr...","English, Paperback, Matsuse Daichi",(64),27% off,₹647
The Book of Doors,"English, Hardcover, Brown Gareth","(1,183)",27% off,"₹1,678"
"Re:ZERO -Starting Life in Another World-, Chapter 3: Tr...","English, Paperback, Quintessenza Anthony",(56),20% off,₹916
"Re:ZERO -Starting Life in Another World-, Chapter 3: Tr...","English, Paperback, Matsuse Daichi",(4),32% off,"₹1,440"
"Re:ZERO -Starting Life in Another World-, Chapter 3: Tr...","English, Paperback, Matsuse Daichi",(6),33% off,"₹1,569"
The Man in the High Castle (Tie-In),"English, Paperback, Dick Philip K",(5),4% off,₹980
"Re:ZERO, Vol. 5 (Novel)","English, Paperback, Nagatsuki Tappei",(3),7% off,₹975
DARLING in the FRANXX Vol. 5-6,"English, Paperback, Code:000",(64),32% off,"₹1,419"
Critical Mass,"English, Hardcover, Suarez Daniel","(1,183)",7% off,"₹1,613"
Ramayan: v. 1,"English, Paperback, Dasgupta Shamik",(56),22% off,₹459
Ready Player One,"English, Paperback, Cline Ernest",(4),21% off,₹916
The Host,"English, Paperback, Meyer Stephenie",(6),21% off,"₹1,119"
Einstein for Everyone,"English, Paperback, Piccioni Robert L.",(5),32% off,₹806
Frankenstein,"English, Paperback, Shelley Marry Wollstonecraft",(3),33% off,"₹2,912"
The Invisible Man for Class 12th,"English, Paperback, Wells H.G.",(64),6% off,"₹1,967"
I Am Number Four,"English, Paperback, Lore Pittacus","(1,183)",6% off,₹892
Frankenstein,"English, Paperback, unknown",(56),31% off,₹905
Flatland,"English, Paperback, Abbott Edwin A.",(4),24% off,₹225
Douglas Adams Picador Boxset Picador Logo on Box Editio...,"English, Mixed media product, Adams Douglas",(8),73% off,₹128
Illuminae  - The Illuminae Files: Book 1 (Illuminae Fil...,"English, Paperback, Kristoff Jay",(8),38% off,₹647
Beast,"English, Paperback, Udayasankar Krishna Beast",(1),23% off,₹253
The Mask Falling,"English, Paperback, Shannon Samantha",(10),17% off,₹370
Infernal Devices,"English, Paperback, Reeve Philip",(64),7% off,₹293
Dune Messiah  - Dune Messiah,"English, Paperback, Herbert Frank","(1,183)",40% off,"₹1,434"
Dune,"English, Paperback, Herbert Frank",(56),35% off,"₹2,393"
Desert Oath,"English, Paperback, Bowden Oliver",(4),28% off,₹293
Transformers How To Draw Transformers,"English, Paperback, Roche Nick",(4),49% off,₹934
Hijos de Dune / Children of Dune,"Spanish, Paperback, Herbert Frank",(6),51% off,₹253
Project,"English, Paperback, Graphic India",(8),43% off,"₹1,350"
Samay Ka Saral Aur Sanshipt Itihas (Hindi Edition of A ...,"Hindi, Paperback, Hawking Stephen W",(15),73% off,"₹1,690"
"The Expanse Box Set Books 1-3 (Leviathan Wakes, Caliban...","English, Book, Corey James S. A.",(64),51% off,"₹1,249"
Assassin's Creed: The Official Film Tie-In,"English, Paperback, Golden Christie","(1,183)",43% off,₹188
All You Need Is Kill,"English, Paperback, Sakurazaka Hiroshi",(56),15% off,"₹1,650"
The Noah,"English, Paperback, Rahul Sen",(4),49% off,₹764
The Island of Dr Moreau,"English, Paperback, Wells H.G.",(64),38% off,"₹1,126"
The Devil and the Dark Water,"English, Paperback, Turton Stuart","(1,183)",41% off,"₹1,106"
The Water Cure,"English, Paperback, Mackintosh Sophie",(56),42% off,"₹1,287"
The Rising Sea,"English, Paperback, Cussler Clive",(4),26% off,"₹1,551"
Frankenstein in Baghdad,"English, Paperback, Saadawi Ahmed",(64),78% off,"₹1,135"
The Three Electroknights,"English, Paperback, Lem Stanislaw","(1,183)",25% off,"₹2,333"
Fugitive Six,"English, Paperback, Lore Pittacus",(56),15% off,"₹1,308"
The Gollancz Book of South Asian Science Fiction,"English, Hardcover, unknown",(4),35% off,"₹1,305"
The Cyberiad,"English, Paperback, Lem Stanislaw",(64),42% off,"₹1,308"
The Unknown Realm  - War and Beyond,"English, Paperback, Wason Prashant","(1,183)",22% off,"₹1,587"
A Princess of Mars,"English, Paperback, Burroughs Edgar Rice",(56),27% off,"₹1,340"
The Paper Menagerie,"English, Paperback, Liu Ken",(4),38% off,"₹1,630"
